Aerminute,Call Sign,Closest UPA,Code,County,Division,FAA Station Type,FAA's Station Telephone #,Location,State,Wban,#,Actual Local (meters),Actual Local Lat. (N),Actual Local Lon. (W),Corrected Local Lat. (N),Corrected Local Lon. (W),Distance To ABR,Distance To INL,Distance To MPX,FAA Lat. (N),FAA Lon. (W),Latitude,Longitude,NCDC (ASL) Elevation (feet),NCDC (ASL) Elevation (meters),NCDC DecDeg Lat. (N),NCDC DecDeg Lon. (W),NCDC ISHD Elevation (feet),NCDC ISHD Elevation (meters),NCDC ISHD Lat. (N),NCDC ISHD Lon. (W),Usaf,years,start_year,end_year
No,PQN,ABR,KPQN,Pipestone,Southwest,AWOS IIIP,507-825-6895,Pipestone,MN,4965,71,527,43.983132,-96.300329,NA,NA,2.575382983,5.420633965,2.869189952,43.9833,-96.3003,43.983132,-96.300329,1736,529.1,43.983333,-96.3,1735.8899999999999,529.1,43.983,-96.3,726566,1999 2000 2001 2002 2003 2004 2005 2006 2007 2008 2009 2010 2011 2012 2013 2014 2015 2016 2017,1999,2017
No,VVV,ABR,KVVV,Big Stone,West Central,AWOS IIIP,320-839-2363,Ortonville,MN,4982,86,332,45.305039,-96.412399,NA,NA,2.006602049,4.437284469,2.883557074,45.3057,-96.4244,45.305039,-96.412399,1100,335.3,45.3,-96.416667,1100.07,335.3,45.306,-96.417,727515,1999 2000 2003 2006 2007 2008 2009 2010 2011 2012 2013 2014 2015 2016 2017,1999,2017
No,DTL,ABR,KDTL,Becker,Northwest,AWOS IIIP/T,218-847-8626,Detroit Lakes,MN,94962,20,421,46.825231,-95.883012,46.8285,-95.8857,2.877315802,3.031275265,3.045743721,46.8252,-95.8856,46.8285,-95.883012,1398,426.1,46.833333,-95.883333,1396,425.5,46.825,-95.883,727457,1999 2000 2001 2002 2003 2004 2005 2006 2007 2008 2009 2010 2011 2012 2013 2014 2015 2016 2017,1999,2017
No,JKJ,ABR,KJKJ,Clay,Northwest,AWOS IIIP/T,218-287-5049,Moorhead,MN,4939,48,279,46.838969,-96.655526,NA,NA,2.236983832,3.684690806,3.675474509,46.8393,-96.6637,46.838969,-96.655526,917,279.5,46.833333,-96.666667,916.9947800000001,279.5,46.839,-96.651,722129,2000 2003 2006 2007 2008 2009 2010 2011 2012 2013 2014 2015 2016 2017,2e3,2017
No,CKN,ABR,KCKN,Polk,Northwest,AWOS IIIP/T,218-281-3018,Crookston,MN,4912,16,272,47.84041,-96.620398,NA,NA,2.983746325,3.301858525,4.275610211,47.8417,-96.6216,47.84041,-96.620398,899,274,47.85,-96.616667,898.9501312,274,47.842,-96.617,727452,1999 2000 2001 2002 2003 2004 2005 2006 2007 2008 2009 2010 2011 2012 2013 2014 2015 2016 2017,1999,2017
No,LYV,ABR,KLYV,Rock,Southwest,AWOS IIIP/T,507-283-5027,Luverne - Quentin Aprt,MN,54926,54,434,43.621577,-96.215292,NA,NA,2.8626156210000002,5.686676609,2.920866629,43.6212,-96.2158,43.621577,-96.215292,1431.1,436.2,43.616667,-96.216667,1431.1,436.2,43.621,-96.216,722006,2005 2006 2007 2008 2009 2010 2011 2012 2013 2014 2015 2016 2017,2005,2017
No,MOX,ABR,KMOX,Stevens,West Central,AWOS IIIP/T,320-589-1303,Morris,MN,4948,59,344,45.567768,-95.966039,NA,NA,2.449893116,3.944088812,2.506126384,45.566,-95.9672,45.567768,-95.966039,1130,344.4,45.566667,-95.966667,1129.92,344.4,45.566,-95.967,726565,1999 2000 2003 2006 2007 2008 2009 2010 2011 2012 2013 2014 2015 2016 2017,1999,2017
No,BJI,INL,KBJI,Beltrami,North Central,AWOS III,218-759-2501,Bemidji,MN,14958,12,421,47.506154,-94.925631,47.507596,-94.92774,4.0459388,1.856508196,2.984818606,47.50942,-94.93372,47.507596,-94.925631,1392,424.3,47.5,-94.933333,1390.09,423.7,47.509,-94.933,727550,1999 2000 2001 2002 2003 2004 2005 2006 2007 2008 2009 2010 2011 2012 2013 2014 2015 2016 2017,1999,2017
No,GPZ,INL,KGPZ,Itasca,North Central,AWOS III,218-326-8337,Grand Rapids,MN,94919,40,411,47.202808,-93.507,NA,NA,5.208223898,1.363000796,2.354056025,47.2111,-93.50984,47.202808,-93.507,1302,396.8,47.216667,-93.516667,1354.99,413,47.164,-93.484,727458,1999 2000 2001 2002 2003 2004 2005 2006 2007 2008 2009 2010 2011 2012 2013 2014 2015 2016 2017,1999,2017
No,TVF,INL,KTVF,Pennington,Northwest,AWOS III,218-681-1918,Thief River Falls,MN,94956,84,338,48.066117,-96.183482,NA,NA,3.433355601,2.828954618,4.147647559,48.06568,-96.18499,48.066117,-96.183482,1115,339.9,48.066667,-96.183333,1116.1399999999999,340.2,48.065,-96.183,727555,1999 2000 2001 2002 2003 2004 2005 2006 2007 2008 2009 2010 2011 2012 2013 2014 2015 2016 2017,1999,2017
No,XVG,INL,KXVG,Cass,North Central,AWOS IIIP,218-363-3347,Longville,MN,4984,87,405,46.990671,-94.20214,NA,NA,4.482326389,1.764554459,2.233970688,46.9902,-94.204,46.990671,-94.20214,1334,406.6,46.983333,-94.2,1333.99,406.6,46.99,-94.2,727497,1999 2000 2003 2006 2007 2008 2009 2010 2011 2012 2013 2014 2015 2016 2017,1999,2017
No,FOZ,INL,KFOZ,Itasca,North Central,AWOS IIIP,218-743-3289,Bigfork,MN,4928,32,409,47.782728,-93.649041,NA,NA,5.302351329,0.818127006,2.934462053,47.7828,-93.6502,47.782728,-93.649041,1349,411.2,47.783333,-93.65,1349.1,411.2,47.783,-93.65,727468,1999 2000 2003 2006 2007 2008 2009 2010 2011 2012 2013 2014 2015 2016 2017,1999,2017
No,FGN,INL,KFGN,Lake of the Woods,North Central,AWOS IIIP,218-223-4023,Flag Island,MN,4926,30,324,49.318365,-94.90208,NA,NA,5.220266937,1.683585744,4.664619052,49.3183,-94.9028,49.318365,-94.90208,1080,329.2,49.316667,-94.9,1080.05,329.2,49.318,-94.9,727467,1999 2000 2001 2002 2003 2004 2005 2006 2007 2008 2009 2010 2011 2012 2013 2014 2015 2016 2017,1999,2017
No,ELO,INL,KELO,Saint Louis,Northeast,AWOS IIIP,218-365-3814,Ely,MN,94964,24,441,47.824724,-91.832975,NA,NA,6.993917562,1.729974669,3.442710607,47.8245,-91.8307,47.824724,-91.832975,1453.1,442.9,47.816667,-91.833333,1455.05,443.5,47.822,-91.818,727459,1999 2000 2003 2006 2007 2008 2009 2010 2011 2012 2013 2014 2015 2016 2017,1999,2017
No,CQM,INL,KCQM,Saint Louis,Northeast,AWOS IIIP,218-666-2539,Cook,MN,54905,18,403,47.821498,-92.691503,NA,NA,6.191752123,1.023236337,3.097750621,47.8219,-92.6894,47.821498,-92.691503,1327,404.5,47.816667,-92.683333,1327.1,404.5,47.822,-92.689,726549,1999 2000 2003 2006 2007 2008 2009 2010 2011 2012 2013 2014 2015 2016 2017,1999,2017
No,DYT,INL,KDYT,Saint Louis,NA,AWOS IIIP/T,218-720-4886,Duluth Sky Harbor,MN,4919,22,186,46.724503,-92.044483,NA,NA,6.494077601,2.281897176,2.414104708,46.7219,-92.0434,46.724503,-92.044483,610,185.9,46.716667,-92.05,609.908156,185.9,46.722,-92.034,727456,1999 2000 2003 2006 2007 2008 2009 2010 2011 2012 2013 2014 2015 2016 2017,1999,2017
No,COQ,INL,KCOQ,Carlton,East Central,AWOS IIIP/T,218-879-0783,Cloquet,MN,4914,17,390,46.698575,-92.50345,NA,NA,6.039234527,2.066635624,2.132183416,46.7011,-92.5038,46.698575,-92.50345,NA,NA,NA,NA,1279.86,390.1,46.703,-92.5,726558,1999 2000 2001 2002 2003 2004 2005 2006 2007 2008 2009 2010 2011 2012 2013 2014 2015 2016 2017,1999,2017
No,CKC,INL,KCKC,Cook,Northeast,AWOS IIIP/T,218-387-1971,Grand Marais Mun. Arpt,MN,4911,15,545,47.83701,-90.385766,NA,NA,8.373412612,3.098351514,4.362716867,47.8383,-90.3829,47.83701,-90.385766,1798,548,47.833333,-90.383333,1797.9,548,47.838,-90.368,727454,1999 2000 2003 2006 2007 2008 2009 2010 2011 2012 2013 2014 2015 2016 2017,1999,2017
No,BFW,INL,KBFW,Lake,Northeast,AWOS IIIP/T,218-226-3537,Silver Bay,MN,4905,11,330,47.250625,-91.409184,NA,NA,7.230566082,2.382143066,3.226971232,47.249,-91.4156,47.250625,-91.409184,1089,331.9,47.25,-91.416667,1088.91,331.9,47.249,-91.401,727556,1999 2000 2003 2006 2007 2008 2009 2010 2011 2012 2013 2014 2015 2016 2017,1999,2017
No,EVM,INL,KEVM,Saint Louis,Northeast,AWOS IIIP/T,218-744-2369,Eveleth,MN,4923,25,418,47.427375,-92.497255,NA,NA,6.236084279,1.44841737,2.790305648,47.4251,-92.4985,47.427375,-92.497255,1380.9,420.9,47.416667,-92.5,NA,NA,47.424,-92.485,727474,1999 2000 2003 2006 2007 2008 2009 2010 2011 2012 2013 2014 2015 2016 2017,1999,2017
No,ORB,INL,KORB,Saint Louis,Northeast,AWOS IIIP/T,218-757-3169,Orr,MN,4958,65,401,48.018403,-92.858067,NA,NA,6.118004103,0.76595777,3.246842142,48.0159,-92.8561,48.018403,-92.858067,1311,399.6,48.016667,-92.85,1311.02,399.6,48.016,-92.851,726544,1999 2000 2003 2006 2007 2008 2009 2010 2011 2012 2013 2014 2015 2016 2017,1999,2017
No,HCO,INL,KHCO,Kittson,Northwest,AWOS IIIP/T,218-843-2415,Hallock,MN,4934,43,249,48.756061,-96.943239,48.7525,-96.9376,3.613210507,3.550344124,5.164647374,48.7527,-96.943,48.7525,-96.943239,819,249.6,48.75,-96.95,820.2099738000001,250,48.783,-96.95,727478,1999 2000 2001 2002 2003 2004 2005 2006 2007 2008 2009 2010 2011 2012 2013 2014 2015 2016 2017,1999,2017
No,FSE,INL,KFSE,Polk,Northwest,AWOS IIIP/T,218-435-6448,Fosston,MN,4929,35,387,47.593525,-95.770769,NA,NA,3.399211572,2.56238831,3.520655372,47.5928,-95.7735,47.593525,-95.770769,1273,388,47.6,-95.783333,1272.97,388,47.593,-95.768,727505,1999 2000 2001 2002 2003 2004 2005 2006 2007 2008 2009 2010 2011 2012 2013 2014 2015 2016 2017,1999,2017
No,RRT,INL,KRRT,Roseau,Northwest,AWOS IIIP/T,218-386-1813,Warroad,MN,4971,76,326,48.941104,-95.344497,NA,NA,4.644103069,1.982946166,4.461826069,48.9414,-95.3484,48.941104,-95.344497,1074,327.4,48.933333,-95.35,1074.1499999999999,327.4,48.941,-95.335,726548,1999 2000 2001 2002 2003 2004 2005 2006 2007 2008 2009 2010 2011 2012 2013 2014 2015 2016 2017,1999,2017
No,ROX,INL,KROX,Roseau,Northwest,AWOS IIIP/T,218-463-1803,Roseau,MN,4970,75,320,48.855956,-95.695004,NA,NA,4.353491961,2.315575163,4.537468492,48.856,-95.697,48.855956,-95.695004,1059,322.8,48.85,-95.7,1059.06,322.8,48.856,-95.684,727477,1999 2000 2001 2002 2003 2004 2005 2006 2007 2008 2009 2010 2011 2012 2013 2014 2015 2016 2017,1999,2017
No,SUW,INL,KSUW,Douglas,NA,AWOS IIIP,715-394-0283,Superior,WI,54908,83,204,46.68342,-92.092567,NA,NA,6.43896644,2.287313456,2.351936806,46.6897,-92.0947,46.68342,-92.092567,NA,NA,NA,NA,675.85304,206,46.683,-92.1,726427,NA,NA,NA
No,ILL,MPX,KILL,Kandiyohi,Central,NA,NA,Willmar,MN,NA,46,NA,NA,NA,NA,NA,108.4038117,105.2684441,103.7588294,NA,NA,45.11667,-95.08333,NA,NA,NA,NA,NA,NA,NA,NA,726576,NA,NA,NA
No,MKT,MPX,KMKT,Blue Earth,South Central,AWOS III,507-625-3726,Mankato,MN,14954,57,309,44.218412,-93.917979,44.218477,-93.917867,4.662474926,4.374039351,0.723039151,44.22165,-93.91874,44.218477,-93.917979,1020,310.9,43.216667,-93.916667,1020.01,310.9,44.221,-93.917,726585,1999 2000 2001 2002 2003 2004 2005 2006 2007 2008 2009 2010 2011 2012 2013 2014 2015 2016 2017,1999,2017
No,FRM,MPX,KFRM,Martin,South Central,AWOS III,507-238-1562,Fairmont,MN,94948,33,352,43.645467,-94.416777,43.6495,-94.41683,4.387331185,5.02040245,1.474803501,43.64394,-94.4156,43.6495,-94.416777,1161,353.9,43.65,-94.416667,1161.09,353.9,43.646,-94.417,726586,1999 2000 2001 2002 2003 2004 2005 2006 2007 2008 2009 2010 2011 2012 2013 2014 2015 2016 2017,1999,2017
No,MML,MPX,KMML,Lyon,Southwest,AWOS III,507-532-5269,Marshall,MN,94976,58,359,44.450439,-95.821504,NA,NA,2.779881271,4.772081023,2.291457442,44.45053,-95.82186,44.450439,-95.821504,NA,NA,NA,NA,1180.12,359.7,44.45,-95.817,726559,1999 2000 2001 2002 2003 2004 2005 2006 2007 2008 2009 2010 2011 2012 2013 2014 2015 2016 2017,1999,2017
No,OTG,MPX,KOTG,Nobles,Southwest,AWOS III,507-376-9441,Worthington,MN,94927,66,477,43.652435,-95.575821,NA,NA,3.361913258,5.370329593,2.34009826,43.65507,-95.57921,43.652435,-95.575821,1570,478.5,43.65,-95.583333,1574.1499999999999,479.8,43.655,-95.568,726587,1999 2000 2001 2002 2003 2004 2005 2006 2007 2008 2009 2010 2011 2012 2013 2014 2015 2016 2017,1999,2017
No,SAZ,MPX,KSAZ,Wadena,Central,AWOS IIIP,218-894-3666,Staples,MN,54910,79,391,46.382289,-94.801121,NA,NA,3.729246028,2.59169684,1.96911006,46.3809,-94.8066,46.382289,-94.801121,NA,NA,NA,NA,1287.07,392.3,46.381,-94.806,727514,1999 2000 2003 2006 2007 2008 2009 2010 2011 2012 2013 2014 2015 2016 2017,1999,2017
No,ANE,MPX,KANE,Anoka,East Central,AWOS IIIP,763-780-9025,Minneapolis/Blaine,MN,94974,5,276,45.142563,-93.212739,NA,NA,5.210020557,3.423927281,0.458293195,45.145,-93.2114,45.142563,-93.212739,912,278,45.15,-93.216667,912.07352,278,45.145,-93.201,726577,1999 2000 2001 2002 2003 2004 2005 2006 2007 2008 2009 2010 2011 2012 2013 2014 2015 2016 2017,1999,2017
No,PWC,MPX,KPWC,Cass,North Central,AWOS IIIP,218-587-3420,Pine River,MN,54915,72,394,46.724723,-94.382983,NA,NA,4.225513643,2.084069261,2.045870049,46.7248,-94.3817,46.724723,-94.382983,NA,NA,NA,NA,1295.93,395,46.717,-94.383,727508,1999 2000 2003 2006 2007 2008 2009 2010 2011 2012 2013 2014 2015 2016 2017,1999,2017
No,ULM,MPX,KULM,Brown,South Central,AWOS IIIP,507-359-1656,New Ulm Municipal Arpt,MN,4980,85,308,44.31804,-94.498005,44.322718,-94.502401,4.07721356,4.383620755,1.073688824,44.3196,-94.5023,44.322718,-94.498005,1011,308.2,44.316667,-94.5,1011.15,308.2,44.319,-94.5,726567,1999 2000 2001 2002 2003 2004 2005 2006 2007 2008 2009 2010 2011 2012 2013 2014 2015 2016 2017,1999,2017
No,OWA,MPX,KOWA,Steele,South Central,AWOS IIIP,507-455-0642,Owatonna,MN,4961,68,344,44.119048,-93.25689,NA,NA,5.326828941,4.444661934,0.792767479,44.1234,-93.2606,44.119048,-93.25689,NA,NA,NA,NA,1146,349.3,44.123,-93.251,726568,1999 2000 2001 2002 2003 2004 2005 2006 2007 2008 2009 2010 2011 2012 2013 2014 2015 2016 2017,1999,2017
No,MWM,MPX,KMWM,Cottonwood,Southwest,AWOS IIIP,507-831-1833,Windom,MN,4952,62,426,43.909171,-95.10741,43.9099,-95.10725,3.649691975,4.956319298,1.806380698,43.9134,-95.1094,43.9099,-95.10741,1410.1,429.8,43.916667,-95.116667,1410.1,429.8,43.913,-95.101,727506,1999 2000 2001 2002 2003 2004 2005 2006 2007 2008 2009 2010 2011 2012 2013 2014 2015 2016 2017,1999,2017
No,BDH,MPX,KBDH,Kandiyohi,Central,AWOS IIIP/T,320-235-8287,Willmar,MN,14928,10,342,45.112371,-95.084689,45.111132,-93.125839,3.346300319,3.839318421,1.542206018,45.1183,-95.1305,45.111132,-95.084689,1131.9,345,45.116667,-95.083333,810.3674540999998,247,45.117,-95.133,720386,2006 2007 2008 2009 2010 2011 2012 2013 2014 2015 2016 2017,2006,2017
No,HCD,MPX,KHCD,McLeod,Central,AWOS IIIP/T,320-587-3343,Hutchinson,MN,4933,42,319,44.856934,-94.383202,44.859551,-94.385537,4.07435397,3.833235396,0.818179065,44.8599,-94.3825,44.859551,-94.383202,NA,NA,NA,NA,1060.04,323.1,44.859,-94.368,726569,1999 2000 2001 2002 2003 2004 2005 2006 2007 2008 2009 2010 2011 2012 2013 2014 2015 2016 2017,1999,2017
No,GYL,MPX,KGYL,McLeod,Central,AWOS IIIP/T,320-864-5830,Glencoe,MN,4932,41,301,44.760604,-94.086609,44.7588,-94.0905,4.382185275,3.862691345,0.529068331,44.756,-94.0812,44.7588,-94.086609,992,302.4,44.75,-94.083333,992.1260159999999,302.4,44.756,-94.068,727517,1999 2000 2001 2002 2003 2004 2005 2006 2007 2008 2009 2010 2011 2012 2013 2014 2015 2016 2017,1999,2017
No,LJF,MPX,KLJF,Meeker,Central,AWOS IIIP/T,320-693-6456,Litchfield,MN,4941,50,347,45.094863,-94.508363,NA,NA,3.921605777,3.640013663,0.974702475,45.0971,-94.5073,45.094863,-94.508363,1140,347.5,45.15,-94.5,1140.09,347.5,45.147,-94.501,726583,1999 2000 2003 2006 2007 2008 2009 2010 2011 2012 2013 2014 2015 2016 2017,1999,2017
No,LXL,MPX,KLXL,Morrison,Central,AWOS IIIP/T,320-632-6791,Little Falls,MN,4944,53,339,45.951074,-94.351234,45.9509,-94.3441,4.09224636,2.778909556,1.353369888,45.9497,-94.3474,45.9509,-94.351234,1122,342,45.95,-94.35,1122.05,342,45.949,-94.334,726578,1999 2000 2003 2006 2007 2008 2009 2010 2011 2012 2013 2014 2015 2016 2017,1999,2017
No,ADC,MPX,KADC,Otter Tail,Central,AWOS IIIP/T,218-631-7774,Wadena,MN,94997,2,414,46.451929,-95.209879,NA,NA,3.3548829,2.78068235,2.296371196,46.4503,-95.211,46.451929,-95.209879,NA,NA,NA,NA,1370.08,417.6,46.447,-95.201,726561,2000 2003 2006 2007 2008 2009 2010 2011 2012 2013 2014 2015 2016 2017,2e3,2017
No,OVL,MPX,KOVL,Renville,Central,AWOS IIIP/T,320-523-5924,Olivia,MN,4960,67,329,44.779207,-95.030304,NA,NA,3.449977206,4.11935819,1.466930598,44.7786,-95.0328,44.779207,-95.030304,NA,NA,NA,NA,1076.12,328,44.779,-95.018,722168,2001 2002 2003 2004 2005 2006 2007 2008 2009 2010 2011 2012 2013 2014 2015 2016 2017,2001,2017
No,PEX,MPX,KPEX,Stearns,Central,AWOS IIIP/T,320-243-4538,Paynesville,MN,99999,69,360,45.372579,-94.745295,NA,NA,3.668996971,3.461726955,1.290971284,45.3723,-94.7466,45.372579,-94.745295,NA,NA,NA,NA,1181.1,360,45.367,-94.75,720367,2005 2006 2007 2008 2009 2010 2011 2012 2013 2014 2015 2016 2017,2005,2017
No,HZX,MPX,KHZX,Aitkin,East Central,AWOS IIIP/T,218-768-2593,McGregor,MN,4997,45,373,46.616768,-93.311438,NA,NA,5.232421182,1.946629896,1.785405245,NA,NA,46.616768,-93.311438,NA,NA,NA,NA,1228.02,374.3,46.619,-93.31,720258,2004 2005 2006 2007 2008 2009 2010 2011 2012 2013 2014 2015 2016 2017,2004,2017
No,AIT,MPX,KAIT,Aitkin,East Central,AWOS IIIP/T,218-927-2101,Aitkin NDB,MN,94999,4,365,46.548965,-93.675734,NA,NA,4.862184863,2.031539203,1.703097018,46.5484,-93.6768,46.548965,-93.675734,NA,NA,NA,NA,1204.07,367,46.548,-93.668,727504,1999 2000 2001 2002 2003 2004 2005 2006 2007 2008 2009 2010 2011 2012 2013 2014 2015 2016 2017,1999,2017
No,MZH,MPX,KMZH,Carlton,East Central,AWOS IIIP/T,218-485-5199,Moose Lake,MN,4954,63,330,46.416401,-92.804925,NA,NA,5.690160714,2.225601018,1.74157391,46.4188,-92.8047,46.416401,-92.804925,1076,328,46.416667,-92.8,1076.12,328,46.419,-92.8,727449,1999 2000 2001 2002 2003 2004 2005 2006 2007 2008 2009 2010 2011 2012 2013 2014 2015 2016 2017,1999,2017
No,ROS,MPX,KROS,Chisago,East Central,AWOS IIIP/T,320-358-3339,Rush City,MN,4969,74,282,45.700693,-92.952319,NA,NA,5.466540974,2.895313053,1.048824035,45.698,-92.953,45.700693,-92.952319,923,281.3,45.7,92.95,922.9002919999999,281.3,45.698,-92.95,726679,1999 2000 2001 2002 2003 2004 2005 2006 2007 2008 2009 2010 2011 2012 2013 2014 2015 2016 2017,1999,2017
No,CBG,MPX,KCBG,Isanti,East Central,AWOS IIIP/T,763-689-9562,Cambridge,MN,4909,14,288,45.55771,-93.262129,45.5628,-93.2644,5.152241951,3.0068339,0.7703065,45.5575,-93.2642,45.5628,-93.262129,945,288,45.566667,-93.266667,944.8819199999999,288,45.559,-93.251,727503,1999 2000 2003 2006 2007 2008 2009 2010 2011 2012 2013 2014 2015 2016 2017,1999,2017
No,JMR,MPX,KJMR,Kanabec,East Central,AWOS IIIP/T,320-679-1629,Mora,MN,4940,49,306,45.884754,-93.268335,NA,NA,5.162900806,2.679858009,1.076968452,45.8861,-93.2718,45.884754,-93.268335,1012,308.5,45.883333,-93.266667,1012.14,308.5,45.886,-93.267,727475,1999 2000 2001 2002 2003 2004 2005 2006 2007 2008 2009 2010 2011 2012 2013 2014 2015 2016 2017,1999,2017
No,AEL,MPX,KAEL,Freeborn,South Central,AWOS IIIP/T,507-377-1583,Albert Lea Mun. Arpt,MN,94968,3,381,43.682378,-93.369529,43.682285,-93.372172,5.346397669,4.879168427,1.183355512,43.6815,-93.3672,43.682285,-93.369529,1259,383.7,43.683333,-93.366667,1258.86,383.7,43.681,-93.367,726589,1999 2000 2001 2002 2003 2004 2005 2006 2007 2008 2009 2010 2011 2012 2013 2014 2015 2016 2017,1999,2017
No,FBL,MPX,KFBL,Rice,South Central,AWOS IIIP/T,507-332-2505,Faribault,MN,94969,27,318,44.329872,-93.311742,NA,NA,5.224307297,4.232473798,0.578055787,44.3247,-93.3108,44.329872,-93.311742,NA,NA,NA,NA,1056.1,321.9,44.325,-93.301,726563,1999 2000 2001 2002 2003 2004 2005 2006 2007 2008 2009 2010 2011 2012 2013 2014 2015 2016 2017,1999,2017
No,SGS,MPX,KSGS,Dakota,Southeast,AWOS IIIP/T,651-457-8120,South St. Paul,MN,4974,80,249,44.856202,-93.034665,44.86003,-93.032021,5.411969387,3.723054207,0.530434747,44.8571,-93.0329,44.86003,-93.034665,NA,NA,NA,NA,220.14436399999997,67.1,44.857,-93.018,726603,1999 2000 2003 2006 2007 2008 2009 2010 2011 2012 2013 2014 2015 2016 2017,1999,2017
No,LVN,MPX,KLVN,Dakota,Southeast,AWOS IIIP/T,952-469-5850,Airlake Airport,MN,4943,52,292,44.625191,-93.227284,NA,NA,5.252110954,3.939981295,0.405451319,44.6279,-93.2281,44.625191,-93.227284,NA,NA,NA,NA,959.9737840000001,292.6,44.628,-93.218,726562,1999 2000 2001 2002 2003 2004 2005 2006 2007 2008 2009 2010 2011 2012 2013 2014 2015 2016 2017,1999,2017
No,FKA,MPX,KFKA,Fillmore,Southeast,AWOS IIIP/T,507-765-2182,Preston,MN,4927,31,389,43.676788,-92.178509,NA,NA,6.483590711,5.034656322,1.815955324,43.6768,-92.1797,43.676788,-92.178509,1276,388.9,43.683333,-92.183333,1275.92,388.9,43.677,-92.168,720283,2002 2003 2004 2005 2006 2007 2008 2009 2010 2011 2012 2013 2014 2015 2016 2017,2002,2017
No,ONA,MPX,KONA,Winona,Southeast,AWOS IIIP/T,507-453-2991,Winona,MN,4956,64,198,44.076186,-91.705727,44.078,-91.711577,6.847966886,4.793983101,2.013721207,44.0772,-91.7083,44.078,-91.705727,656,199.9,44.083333,-91.7,655.839895,199.9,44.077,-91.701,726588,1999 2000 2001 2002 2003 2004 2005 2006 2007 2008 2009 2010 2011 2012 2013 2014 2015 2016 2017,1999,2017
No,MJQ,MPX,KMJQ,Jackson,Southwest,AWOS IIIP/T,507-847-5810,Jackson,MN,99999,56,439,43.649437,-94.984534,43.649584,-94.988452,3.875370439,5.161815924,1.858760166,43.65,-94.9865,43.649584,-94.984534,1446,440.7,43.65,-94.983333,1446.85,441,43.65,-94.983,726593,1999 2000 2001 2002 2003 2004 2005 2006 2007 2008 2009 2010 2011 2012 2013 2014 2015 2016 2017,1999,2017
No,DVP,MPX,KDVP,Murray,Southwest,AWOS IIIP/T,507-836-6128,Slayton,MN,54924,21,490,43.991343,-95.782564,NA,NA,3.01075904,5.154709183,2.377754363,43.9868,-95.7826,43.991343,-95.782564,NA,NA,NA,NA,1624.02,495,43.983,-95.783,720368,2005 2006 2007 2008 2009 2010 2011 2012 2013 2014 2015 2016 2017,2005,2017
No,MVE,MPX,KMVE,Chippewa,West Central,AWOS IIIP/T,320-269-5830,Montevideo,MN,4951,61,316,44.967472,-95.711585,NA,NA,2.745484859,4.274150936,2.14976915,44.9691,-95.7103,44.967472,-95.711585,1034,315.2,44.966667,-95.716667,1034.12,315.2,44.969,-95.701,726553,1999 2000 2001 2002 2003 2004 2005 2006 2007 2008 2009 2010 2011 2012 2013 2014 2015 2016 2017,1999,2017
No,GHW,MPX,KGHW,Pope,West Central,AWOS IIIP/T,320-634-5660,Glenwood,MN,4931,38,422,45.645692,-95.318798,NA,NA,3.100400296,3.491459359,1.926027039,45.6439,-95.3204,45.645692,-95.318798,1393,424.6,45.65,-95.316667,1393.04,424.6,45.644,-95.317,726547,1999 2000 2003 2006 2007 2008 2009 2010 2011 2012 2013 2014 2015 2016 2017,1999,2017
No,BBB,MPX,KBBB,Swift,West Central,AWOS IIIP/T,320-843-3242,Benson,MN,54904,8,315,45.330959,-95.646937,NA,NA,2.769218589,3.936092454,2.13683362,45.3319,-95.6506,45.330959,-95.646937,NA,NA,NA,NA,1039.04,316.7,45.332,-95.651,727507,1999 2000 2003 2006 2007 2008 2009 2010 2011 2012 2013 2014 2015 2016 2017,1999,2017
No,GDB,MPX,KGDB,Yellow Medicine,West Central,AWOS IIIP/T,320-564-9388,Granite Falls,MN,4999,36,316,44.753,-95.556,NA,NA,2.942433772,4.377253197,1.993278732,44.7533,-95.556,44.753,-95.556,NA,NA,NA,NA,1387.8,423,45.65,-95.383,722033,2004 2005 2006 2007 2008 2009 2010 2011 2012 2013 2014 2015 2016 2017,2004,2017
No,RGK,MPX,KRGK,Goodhue (Pierce),Southeast,AWOS IIIP/T,715-594-3763,Red Wing,WI,4967,73,234,44.591139,-92.501052,44.592622,-92.48438,5.975145909,4.070429544,1.094915756,44.5894,-92.485,44.592622,-92.501052,780,237.7,44.583333,-92.483333,779.8556679999998,237.7,44.589,-92.483,726564,1999 2000 2001 2002 2003 2004 2005 2006 2007 2008 2009 2010 2011 2012 2013 2014 2015 2016 2017,1999,2017
Yes,FFM,ABR,KFFM,Otter Tail,West Central,AWOS IIIP,218-736-7216,Fergus Falls,MN,94966,29,361,46.285942,-96.153497,NA,NA,2.407630159,3.573440428,2.960317413,46.2844,-96.1567,46.285942,-96.153497,1185,361.2,46.283333,-96.15,1184.06,360.9,46.289,-96.151,726560,1999 2000 2003 2006 2007 2008 2009 2010 2011 2012 2013 2014 2015 2016 2017,1999,2017
Yes,FAR,ABR,KFAR,Cass,NA,ASOS,701-298-3877,Fargo Int'l Arpt,ND,14914,26,272,46.9111,-96.8147,NA,NA,2.162087822,3.7941993,3.848442039,46.921,-96.816,46.9111,-96.8147,900,274.3,46.933333,-96.816667,898.9501312,274,46.925,-96.811,727530,1999 2000 2001 2002 2003 2004 2005 2006 2007 2008 2009 2010 2011 2012 2013 2014 2015 2016 2017,1999,2017
Yes,GFK,ABR,KGFK,Grand Forks,NA,ASOS,701-772-3486,Grand Forks Int'l Arpt,ND,14916,37,255,47.947406,-97.183769,NA,NA,2.778801696,3.835016969,4.763643185,47.949,-97.176,47.947406,-97.183769,842,256.6,47.95,-97.183333,832.0209973999999,253.6,47.949,-97.176,727576,1999 2000 2001 2002 2003 2004 2005 2006 2007 2008 2009 2010 2011 2012 2013 2014 2015 2016 2017,1999,2017
Yes,ABR,ABR,KABR,Brown,NA,ASOS,605-229-4512,Aberdeen,SD,14929,1,395,45.44357,-98.413619,NA,NA,0.011880911,5.905536155,4.884824526,45.449,-98.422,45.44357,-98.413619,1297,395.3,45.45,-98.416667,1299.87,396.2,45.45,-98.421,726590,1999 2000 2001 2002 2003 2004 2005 2006 2007 2008 2009 2010 2011 2012 2013 2014 2015 2016 2017,1999,2017
Yes,ATY,ABR,KATY,Codington,NA,ASOS,605-882-0578,Watertown,SD,14946,6,525,44.91766,-97.154382,NA,NA,1.369025736,5.23315926,3.589972716,44.914,-97.155,44.91766,-97.154382,1748,532.8,44.9,-97.15,1740.1599999999999,530.4,44.931,-97.154,726546,1999 2000 2001 2002 2003 2004 2005 2006 2007 2008 2009 2010 2011 2012 2013 2014 2015 2016 2017,1999,2017
Yes,FSD,ABR,KFSD,Minnehaha,NA,ASOS,605-331-7833,Sioux Falls,SD,14944,34,433,43.5764,-96.7513,43.577508,-96.753835,2.508635393,6.007820583,3.431158199,43.582,-96.742,43.577508,-96.7513,1428,435.3,43.583333,-96.75,1426.84,434.9,43.577,-96.754,726510,1999 2000 2001 2002 2003 2004 2005 2006 2007 2008 2009 2010 2011 2012 2013 2014 2015 2016 2017,1999,2017
Yes,PKD,INL,KPKD,Hubbard,North Central,ASOS,218-732-0920,Park Rapids,MN,94967,70,439,46.898164,-95.070857,NA,NA,3.640567129,2.358862995,2.542555592,46.901,-95.073,46.898164,-95.070857,1434,437.1,46.9,-95.066667,1442.91,439.8,46.901,-95.068,727453,1999 2000 2001 2002 2003 2006 2007 2008 2009 2010 2011 2012 2013 2014 2015 2016 2017,1999,2017
Yes,INL,INL,KINL,Koochiching,North Central,ASOS,218-285-2996,International Falls,MN,14918,47,353,48.5615,-93.3982,48.559452,-93.395576,5.899097281,4.97e-5,3.715780245,48.566,-93.403,48.559452,-93.3982,1183,360.6,48.566667,-93.4,1183.07,360.6,48.566,-93.403,727470,1999 2000 2001 2002 2003 2004 2005 2006 2007 2008 2009 2010 2011 2012 2013 2014 2015 2016 2017,1999,2017
Yes,BDE,INL,KBDE,Lake of the Woods,North Central,ASOS,218-634-3080,Baudette Intl'l Aprt,MN,94961,9,327,48.725933,-94.603841,48.7261,-94.6121,5.020804385,1.216775974,4.013234742,48.729,-94.612,48.7261,-94.603841,1082,329.8,48.716667,-94.6,1083.99,330.4,48.728,-94.61,727476,1999 2000 2001 2002 2003 2004 2005 2006 2007 2008 2009 2010 2011 2012 2013 2014 2015 2016 2017,1999,2017
Yes,GNA,INL,KGNA,Cook,Northeast,ASOS,NA,Grand Marais,MN,94992,39,185,47.747238,-90.343261,NA,NA,8.389203461,3.161614862,4.333248255,NA,NA,47.747238,-90.343261,610,185.9,47.75,-90.35,609.9081365000001,185.9,47.747,-90.344,727469,1999 2000 2001 2002 2003 2006 2007 2008 2009 2010 2011 2012 2013 2014 2015 2016 2017,1999,2017
Yes,HIB,INL,KHIB,Saint Louis,Northeast,ASOS,218-263-8384,Hibbing,MN,94931,44,408,47.3804,-92.8324,NA,NA,5.90360145,1.309608071,2.634844031,47.387,-92.839,47.3804,-92.8324,1347,410.6,47.383333,-92.833333,1356.96,413.6,47.387,-92.839,727455,2000 2001 2002 2003 2006 2007 2008 2009 2010 2011 2012 2013 2014 2015 2016 2017,2e3,2017
Yes,DLH,INL,KDLH,Saint Louis,Northeast,ASOS,218-723-8340,Duluth Intl'l Aprt,MN,14913,19,435,46.8434,-92.1866,NA,NA,6.379569032,2.102329455,2.424027335,46.842,-92.194,46.8434,-92.1866,1433,436.8,46.833333,-92.183333,1416.99,431.9,46.844,-92.194,727450,1999 2000 2001 2002 2003 2004 2005 2006 2007 2008 2009 2010 2011 2012 2013 2014 2015 2016 2017,1999,2017
Yes,STC,MPX,KSTC,Sherburne,Central,ASOS,320-240-8781,St. Cloud,MN,14926,81,310,45.54415,-94.051625,NA,NA,4.362632847,3.087247013,0.848134128,45.547,-94.06,45.54415,-94.051625,1018,310.3,45.55,-94.05,1023.9499999999999,312.1,45.545,-94.052,726550,1999 2000 2001 2002 2003 2004 2005 2006 2007 2008 2009 2010 2011 2012 2013 2014 2015 2016 2017,1999,2017
Yes,BRD,MPX,KBRD,Crow Wing,East Central,ASOS,218-828-3314,Brainerd,MN,94938,13,372,46.404832999999996,-94.130374,46.402062,-94.12736,4.38694275,2.277516312,1.654914981,46.398,-94.138,46.402062,-94.130374,1221,372.2,46.4,-94.133333,1226.05,373.7,46.405,-94.131,726555,2000 2001 2002 2003 2006 2007 2008 2009 2010 2011 2012 2013 2014 2015 2016 2017,2e3,2017
Yes,MSP,MPX,KMSP,Hennepin,East Central,ASOS,612-725-0939,Minneapolis/St. Paul Int'l Aprt,MN,14922,60,256,44.8852,-93.2313,NA,NA,5.213337431,3.680050079,0.335664283,44.883,-93.217,44.8852,-93.2313,872,265.8,44.883333,-93.233333,837.9265091999999,255.4,44.883,-93.229,726580,1999 2000 2001 2002 2003 2004 2005 2006 2007 2008 2009 2010 2011 2012 2013 2014 2015 2016 2017,1999,2017
Yes,MIC,MPX,KMIC,Hennepin,East Central,ASOS,763-531-2343,Minneapolis/Crystal,MN,94960,55,262,45.062198,-93.351013,NA,NA,5.077594136,3.499582572,0.30177622,45.062,-93.354,45.062198,-93.351013,NA,NA,NA,NA,869.094516,264.9,45.063,-93.351,726575,2000 2001 2002 2003 2006 2007 2008 2009 2010 2011 2012 2013 2014 2015 2016 2017,2e3,2017
Yes,FCM,MPX,KFCM,Hennepin,East Central,ASOS,952-941-4156,Flying Cloud Arpt,MN,94963,28,276,44.827015,-93.464339,44.824871,-93.457042,4.98875709,3.735032066,0.103190371,44.827,-93.457,44.824871,-93.464339,NA,NA,NA,NA,943.8976679999998,287.7,44.832,-93.47,726579,2000 2001 2002 2003 2004 2005 2006 2007 2008 2009 2010 2011 2012 2013 2014 2015 2016 2017,2e3,2017
Yes,STP,MPX,KSTP,Ramsey,East Central,ASOS,651-298-1410,Saint Paul Downtown Arpt,MN,14927,82,212,44.930708,-93.054283,44.932334,-93.055866,5.384701987,3.64700912,0.51719437,44.935,-93.06,44.932334,-93.054283,NA,NA,NA,NA,710.9580279999999,216.7,44.93,-93.048,726584,1999 2000 2001 2002 2003 2006 2007 2008 2009 2010 2011 2012 2013 2014 2015 2016 2017,1999,2017
Yes,RST,MPX,KRST,Olmsted,Southeast,ASOS,507-285-0298,Rochester,MN,14925,77,396,43.904,-92.4921,NA,NA,6.121132535,4.744789509,1.430086173,43.907,-92.499,43.904,-92.4921,1304,397.5,43.9,-92.5,1319.8799999999999,402.3,43.904,-92.492,726440,1999 2000 2001 2002 2003 2004 2005 2006 2007 2008 2009 2010 2011 2012 2013 2014 2015 2016 2017,1999,2017
Yes,RWF,MPX,KRWF,Redwood,Southwest,ASOS,507-644-3564,Redwood Falls,MN,14992,78,311,44.5483,-95.080378,NA,NA,3.454223479,4.351446243,1.544959513,44.547,-95.082,44.5483,-95.080378,1025,312.4,44.55,-95.083333,1029.86,313.9,44.547,-95.082,726556,2000 2001 2002 2003 2004 2005 2006 2007 2008 2009 2010 2011 2012 2013 2014 2015 2016 2017,2e3,2017
Yes,AXN,MPX,KAXN,Douglas,West Central,ASOS,320-763-7174,Alexandria,MN,14910,7,432,45.868032,-95.393961,NA,NA,3.047453318,3.35223797,2.093409292,45.866,-95.395,45.868032,-95.393961,1416,431.6,45.866667,-95.4,1431.1,436.2,45.883,-95.393,726557,1999 2000 2001 2002 2003 2004 2005 2006 2007 2008 2009 2010 2011 2012 2013 2014 2015 2016 2017,1999,2017
Yes,EAU,MPX,KEAU,Eau Claire,NA,ASOS,715-832-7990,Eau Claire,WI,14991,23,269,44.8665,-91.4879,NA,NA,6.950453263,4.159580812,2.077226827,44.866,-91.484,44.8665,-91.4879,885,269.7,44.866667,-91.483333,895.0131233999999,272.8,44.865,-91.485,726435,1999 2000 2001 2002 2003 2004 2005 2006 2007 2008 2009 2010 2011 2012 2013 2014 2015 2016 2017,1999,2017
Yes,LSE,MPX,KLSE,La Crosse,NA,ASOS,608-781-9067,La Crosse,WI,14920,51,198,43.8792,-91.2532,NA,NA,7.33160226,5.150217444,2.507210159,43.879,-91.257,43.8792,-91.2532,652,198.7,43.883333,-91.25,655.839895,199.9,43.754,-91.256,726430,1999 2000 2001 2002 2003 2004 2005 2006 2007 2008 2009 2010 2011 2012 2013 2014 2015 2016 2017,1999,2017
No,DXX,NA,KDXX,NA,NA,ASOS,NA,Madison,MN,NA,22,NA,44.9839,-96.1788,NA,NA,NA,NA,NA,NA,NA,44.9839,-96.1788,NA,NA,NA,NA,NA,NA,NA,NA,NA,1999 2000 2003 2006 2007 2008 2009 2010 2011 2012 2013 2014 2015 2016 2017,1999,2017
No,AUM,NA,KAUM,Mower,NA,ASOS,NA,Austin,MN,NA,NA,NA,43.6688,-92.9321,NA,NA,NA,NA,NA,NA,NA,43.6688,-92.9321,NA,NA,NA,NA,NA,NA,NA,NA,NA,1999 2000 2001 2002 2003 2004 2005 2006 2007 2008 2009 2010 2011 2012 2013 2014 2015 2016 2017,1999,2017
NA,CYWG,NA,CYWG,NA,NA,NA,NA,NA,Canada,NA,NA,NA,49.91,-97.24,NA,NA,NA,NA,NA,NA,NA,49.91,-97.24,NA,NA,NA,NA,NA,NA,NA,NA,NA,NA,NA,NA
NA,CWGN,NA,CWGN,NA,NA,NA,NA,NA,Canada,NA,NA,NA,49.03,97.57,NA,NA,NA,NA,NA,NA,NA,49.03,97.57,NA,NA,NA,NA,NA,NA,NA,NA,NA,NA,NA,NA
NA,CYQK,NA,CYQK,NA,NA,NA,NA,NA,Canada,NA,NA,NA,49.788424,-94.363596,NA,NA,NA,NA,NA,NA,NA,49.788424,-94.363596,NA,NA,NA,NA,NA,NA,NA,NA,NA,NA,NA,NA
NA,CWEX,NA,CWEX,NA,NA,NA,NA,NA,Canada,NA,NA,NA,49,-97.2375,NA,NA,NA,NA,NA,NA,NA,49,-97.2375,NA,NA,NA,NA,NA,NA,NA,NA,NA,NA,NA,NA
NA,CXMD,NA,CXMD,NA,NA,NA,NA,NA,Canada,NA,NA,NA,49.208623,-98.056558,NA,NA,NA,NA,NA,NA,NA,49.208623,-98.056558,NA,NA,NA,NA,NA,NA,NA,NA,NA,NA,NA,NA
NA,CZTB,NA,CZTB,NA,NA,NA,NA,NA,Canada,NA,NA,NA,48.371046,-89.313636,NA,NA,NA,NA,NA,NA,NA,48.371046,-89.313636,NA,NA,NA,NA,NA,NA,NA,NA,NA,NA,NA,NA
NA,2C8,NA,NA,NA,NA,NA,NA,NA,NA,NA,NA,NA,NA,NA,NA,NA,NA,NA,NA,NA,NA,48.784,-97.632,NA,NA,NA,NA,NA,NA,NA,NA,NA,2010 2011 2012 2013 2014 2015 2016 2017,2010,2017
NA,GAF,NA,NA,NA,NA,NA,NA,NA,NA,NA,NA,NA,NA,NA,NA,NA,NA,NA,NA,NA,NA,48.405,-97.371,NA,NA,NA,NA,NA,NA,NA,NA,NA,2010 2011 2012 2013 2014 2015 2016 2017,2010,2017
NA,DVL,NA,NA,NA,NA,NA,NA,NA,NA,NA,NA,NA,NA,NA,NA,NA,NA,NA,NA,NA,NA,48.11667,-98.9,NA,NA,NA,NA,NA,NA,NA,NA,NA,1999 2000 2001 2002 2003 2004 2005 2006 2007 2008 2009 2010 2011 2012 2013 2014 2015 2016 2017,1999,2017
NA,BWP,NA,NA,NA,NA,NA,NA,NA,NA,NA,NA,NA,NA,NA,NA,NA,NA,NA,NA,NA,NA,46.24417,-96.60722,NA,NA,NA,NA,NA,NA,NA,NA,NA,2005 2006 2007 2008 2009 2010 2011 2012 2013 2014 2015 2016 2017,2005,2017
NA,GWR,NA,NA,NA,NA,NA,NA,NA,NA,NA,NA,NA,NA,NA,NA,NA,NA,NA,NA,NA,NA,46.217,-97.633,NA,NA,NA,NA,NA,NA,NA,NA,NA,2011 2012 2013 2014 2015 2016 2017,2011,2017
NA,8D3,NA,NA,NA,NA,NA,NA,NA,NA,NA,NA,NA,NA,NA,NA,NA,NA,NA,NA,NA,NA,45.66889,-96.99139,NA,NA,NA,NA,NA,NA,NA,NA,NA,1999 2000 2001 2002 2003 2004 2005 2006 2007 2008 2009 2010 2011 2012 2013 2014 2015 2016 2017,1999,2017
NA,HYR,NA,NA,NA,NA,NA,NA,NA,NA,NA,NA,NA,NA,NA,NA,NA,NA,NA,NA,NA,NA,46.02611,-91.44417,NA,NA,NA,NA,NA,NA,NA,NA,NA,1999 2000 2001 2002 2003 2004 2005 2006 2007 2008 2009 2010 2011 2012 2013 2014 2015 2016 2017,1999,2017
NA,RZN,NA,NA,BURNETT,NA,NA,NA,NA,WI,NA,NA,NA,NA,NA,NA,NA,NA,NA,NA,NA,NA,45.8225,-92.3725,NA,NA,NA,NA,NA,NA,NA,NA,NA,2001 2002 2003 2004 2005 2006 2007 2008 2009 2010 2011 2012 2013 2014 2015 2016 2017,2001,2017
NA,OEO,NA,NA,NA,NA,NA,NA,NA,NA,NA,NA,NA,NA,NA,NA,NA,NA,NA,NA,NA,NA,45.30833,-92.69,NA,NA,NA,NA,NA,NA,NA,NA,NA,1999 2000 2003 2004 2005 2006 2007 2008 2009 2010 2011 2012 2013 2014 2015 2016 2017,1999,2017
NA,RNH,NA,NA,NA,NA,NA,NA,NA,NA,NA,NA,NA,NA,NA,NA,NA,NA,NA,NA,NA,NA,45.15,-92.53333,NA,NA,NA,NA,NA,NA,NA,NA,NA,2000 2001 2002 2003 2004 2005 2006 2007 2008 2009 2010 2011 2012 2013 2014 2015 2016 2017,2e3,2017
NA,LUM,NA,NA,NA,NA,NA,NA,NA,NA,NA,NA,NA,NA,NA,NA,NA,NA,NA,NA,NA,NA,44.89222,-91.86778,NA,NA,NA,NA,NA,NA,NA,NA,NA,2004 2005 2006 2007 2008 2009 2010 2011 2012 2013 2014 2015 2016 2017,2004,2017
NA,Y51,NA,NA,NA,NA,NA,NA,NA,NA,NA,NA,NA,NA,NA,NA,NA,NA,NA,NA,NA,NA,43.579,-90.913,NA,NA,NA,NA,NA,NA,NA,NA,NA,2010 2011 2012 2013 2014 2015 2016 2017,2010,2017
NA,PDC,NA,NA,NA,NA,NA,NA,NA,NA,NA,NA,NA,NA,NA,NA,NA,NA,NA,NA,NA,NA,43.01917,-91.12361,NA,NA,NA,NA,NA,NA,NA,NA,NA,1999 2000 2001 2002 2003 2004 2005 2006 2007 2008 2009 2010 2011 2012 2013 2014 2015 2016 2017,1999,2017
NA,MCW,NA,NA,NA,NA,NA,NA,NA,NA,NA,NA,NA,NA,NA,NA,NA,NA,NA,NA,NA,NA,43.1544,-93.3269,NA,NA,NA,NA,NA,NA,NA,NA,NA,1999 2000 2001 2002 2003 2004 2005 2006 2007 2008 2009 2010 2011 2012 2013 2014 2015 2016 2017,1999,2017
NA,SPW,NA,NA,NA,NA,NA,NA,NA,NA,NA,NA,NA,NA,NA,NA,NA,NA,NA,NA,NA,NA,43.16444,-95.20167,NA,NA,NA,NA,NA,NA,NA,NA,NA,1999 2000 2001 2002 2003 2004 2005 2006 2007 2008 2009 2010 2011 2012 2013 2014 2015 2016 2017,1999,2017
NA,EST,NA,NA,NA,NA,NA,NA,NA,NA,NA,NA,NA,NA,NA,NA,NA,NA,NA,NA,NA,NA,43.40111,-94.74722,NA,NA,NA,NA,NA,NA,NA,NA,NA,1999 2000 2001 2002 2003 2004 2005 2006 2007 2008 2009 2010 2011 2012 2013 2014 2015 2016 2017,1999,2017
NA,SUX,NA,NA,NA,NA,NA,NA,NA,NA,NA,NA,NA,NA,NA,NA,NA,NA,NA,NA,NA,NA,42.3913,-96.3791,NA,NA,NA,NA,NA,NA,NA,NA,NA,1999 2000 2001 2002 2003 2004 2005 2006 2007 2008 2009 2010 2011 2012 2013 2014 2015 2016 2017,1999,2017
NA,YKN,NA,NA,NA,NA,NA,NA,NA,NA,NA,NA,NA,NA,NA,NA,NA,NA,NA,NA,NA,NA,42.8783,-97.3633,NA,NA,NA,NA,NA,NA,NA,NA,NA,1999 2000 2001 2002 2003 2004 2005 2006 2007 2008 2009 2010 2011 2012 2013 2014 2015 2016 2017,1999,2017
NA,BKX,NA,NA,NA,NA,NA,NA,NA,NA,NA,NA,NA,NA,NA,NA,NA,NA,NA,NA,NA,NA,44.3,-96.8,NA,NA,NA,NA,NA,NA,NA,NA,NA,1999 2000 2001 2002 2003 2004 2005 2006 2007 2008 2009 2010 2011 2012 2013 2015 2016 2017,1999,2017
NA,MHE,NA,NA,NA,NA,NA,NA,NA,NA,NA,NA,NA,NA,NA,NA,NA,NA,NA,NA,NA,NA,43.7743,-98.0384,NA,NA,NA,NA,NA,NA,NA,NA,NA,1999 2000 2001 2002 2003 2004 2005 2006 2007 2008 2009 2010 2011 2012 2013 2014 2015 2016 2017,1999,2017
NA,MDS,NA,NA,NA,NA,NA,NA,NA,NA,NA,NA,NA,NA,NA,NA,NA,NA,NA,NA,NA,NA,44.016,-97.086,NA,NA,NA,NA,NA,NA,NA,NA,NA,2009 2010 2011 2012 2013 2014 2015 2016 2017,2009,2017
NA,JMS,NA,NA,NA,NA,NA,NA,NA,NA,NA,NA,NA,NA,NA,NA,NA,NA,NA,NA,NA,NA,46.9258,-98.6691,NA,NA,NA,NA,NA,NA,NA,NA,NA,1999 2000 2001 2002 2003 2004 2005 2006 2007 2008 2009 2010 2011 2012 2013 2014 2015 2016 2017,1999,2017
NA,ETH,NA,NA,NA,NA,NA,NA,NA,NA,NA,NA,NA,NA,NA,NA,NA,NA,NA,NA,NA,NA,45.77972,-96.54472,NA,NA,NA,NA,NA,NA,NA,NA,NA,1999 2000 2003 2006 2007 2008 2009 2010 2011 2012 2013 2014 2015 2016 2017,1999,2017
NA,VWU,NA,NA,NA,NA,NA,NA,NA,NA,NA,NA,NA,NA,NA,NA,NA,NA,NA,NA,NA,NA,48.15389,-94.51667,NA,NA,NA,NA,NA,NA,NA,NA,NA,1999 2000 2001 2002 2003 2004 2005 2006 2007 2008 2009 2010 2011 2012 2013 2014 2015 2016 2017,1999,2017
NA,ACQ,NA,NA,NA,NA,NA,NA,NA,NA,NA,NA,NA,NA,NA,NA,NA,NA,NA,NA,NA,NA,44.07361,-93.55306,NA,NA,NA,NA,NA,NA,NA,NA,NA,2002 2003 2004 2005 2006 2007 2008 2009 2010 2011 2012 2013 2014 2015 2016 2017,2002,2017
NA,Y49,NA,NA,NA,NA,NA,NA,NA,NA,NA,NA,NA,47.1595,-94.6453,NA,NA,NA,NA,NA,NA,NA,47.1595,-94.6453,NA,NA,NA,NA,NA,NA,NA,NA,NA,2014 2015 2016 2017,2014,2017
NA,TWM,NA,NA,NA,NA,NA,NA,NA,NA,NA,NA,NA,NA,NA,NA,NA,NA,NA,NA,NA,NA,47.04917,-91.745,NA,NA,NA,NA,NA,NA,NA,NA,NA,1999 2000 2003 2006 2007 2008 2009 2010 2011 2012 2013 2014 2015 2016 2017,1999,2017
NA,TKC,NA,NA,NA,NA,NA,NA,NA,NA,NA,NA,NA,NA,NA,NA,NA,NA,NA,NA,NA,NA,44.24917,-95.60722,NA,NA,NA,NA,NA,NA,NA,NA,NA,2004 2005 2006 2007 2008 2009 2010 2011 2012 2013 2014 2015 2016 2017,2004,2017
NA,P61,NA,NA,NA,NA,NA,NA,NA,NA,NA,NA,NA,47.58796,-90.82307,NA,NA,NA,NA,NA,NA,NA,47.58796,-90.82307,NA,NA,NA,NA,NA,NA,NA,NA,NA,NA,NA,NA
NA,21D,NA,NA,NA,NA,NA,NA,NA,NA,NA,NA,NA,NA,NA,NA,NA,NA,NA,NA,NA,NA,45,-92.85,NA,NA,NA,NA,NA,NA,NA,NA,NA,2008 2009 2010 2011 2012 2013 2014 2015 2016 2017,2008,2017
NA,JYG,NA,NA,NA,NA,NA,NA,NA,NA,NA,NA,NA,NA,NA,NA,NA,NA,NA,NA,NA,NA,43.98611,-94.55778,NA,NA,NA,NA,NA,NA,NA,NA,NA,1999 2000 2001 2002 2003 2004 2005 2006 2007 2008 2009 2010 2011 2012 2013 2014 2015 2016 2017,1999,2017
NA,SYN,NA,NA,NA,NA,NA,NA,NA,NA,NA,NA,NA,NA,NA,NA,NA,NA,NA,NA,NA,NA,44.47556,-93.01639,NA,NA,NA,NA,NA,NA,NA,NA,NA,2005 2006 2007 2008 2009 2010 2011 2012 2013 2014 2015 2016 2017,2005,2017
NA,60Y,NA,NA,NA,NA,NA,NA,NA,NA,NA,NA,NA,43.99124,-95.781479,NA,NA,NA,NA,NA,NA,NA,43.99124,-95.781479,NA,NA,NA,NA,NA,NA,NA,NA,NA,NA,NA,NA
NA,D39,NA,NA,NA,NA,NA,NA,NA,NA,NA,NA,NA,NA,NA,NA,NA,NA,NA,NA,NA,NA,45.707,-94.933,NA,NA,NA,NA,NA,NA,NA,NA,NA,2010 2011 2012 2013 2014 2015 2016 2017,2010,2017
NA,9MN,NA,NA,NA,NA,NA,NA,NA,NA,NA,NA,NA,44.01976,-92.48306,NA,NA,NA,NA,NA,NA,NA,44.01976,-92.48306,NA,NA,NA,NA,NA,NA,NA,NA,NA,2011 2012 2013 2014 2015 2016 2017,2011,2017
NA,PNM,NA,NA,NA,NA,NA,NA,NA,NA,NA,NA,NA,NA,NA,NA,NA,NA,NA,NA,NA,NA,45.55972,-93.60806,NA,NA,NA,NA,NA,NA,NA,NA,NA,1999 2000 2003 2006 2007 2008 2009 2010 2011 2012 2013 2014 2015 2016 2017,1999,2017
NA,MGG,NA,NA,NA,NA,NA,NA,NA,NA,NA,NA,NA,NA,NA,NA,NA,NA,NA,NA,NA,NA,45.23583,-93.98556,NA,NA,NA,NA,NA,NA,NA,NA,NA,1999 2000 2001 2002 2003 2004 2005 2006 2007 2008 2009 2010 2011 2012 2013 2014 2015 2016 2017,1999,2017
NA,3N8,NA,NA,NA,NA,NA,NA,NA,NA,NA,NA,NA,47.258435,-95.929835,NA,NA,NA,NA,NA,NA,NA,47.258435,-95.929835,NA,NA,NA,NA,NA,NA,NA,NA,NA,2014 2015 2016 2017,2014,2017
NA,14Y,NA,NA,NA,NA,NA,NA,NA,NA,NA,NA,NA,NA,NA,NA,NA,NA,NA,NA,NA,NA,45.9,-94.867,NA,NA,NA,NA,NA,NA,NA,NA,NA,2008 2009 2010 2011 2012 2013 2014 2015 2016 2017,2008,2017
NA,04W,NA,NA,NA,NA,NA,NA,NA,NA,NA,NA,NA,NA,NA,NA,NA,NA,NA,NA,NA,NA,46.023,-92.895,NA,NA,NA,NA,NA,NA,NA,NA,NA,2010 2011 2012 2013 2014 2015 2016 2017,2010,2017
NA,Y63,NA,NA,NA,NA,NA,NA,NA,NA,NA,NA,NA,NA,NA,NA,NA,NA,NA,NA,NA,NA,45.986,-95.992,NA,NA,NA,NA,NA,NA,NA,NA,NA,2008 2009 2010 2011 2012 2013 2014 2015 2016 2017,2008,2017
NA,TOB,NA,NA,NA,NA,NA,NA,NA,NA,NA,NA,NA,NA,NA,NA,NA,NA,NA,NA,NA,NA,44.01778,-92.83139,NA,NA,NA,NA,NA,NA,NA,NA,NA,1999 2000 2001 2002 2003 2004 2005 2006 2007 2008 2009 2010 2011 2012 2013 2014 2015 2016 2017,1999,2017
NA,CDD,NA,NA,NA,NA,NA,NA,NA,NA,NA,NA,NA,NA,NA,NA,NA,NA,NA,NA,NA,NA,48.26667,-92.48333,NA,NA,NA,NA,NA,NA,NA,NA,NA,1999 2000 2003 2006 2007 2008 2009 2010 2011 2012 2013 2014 2015 2016 2017,1999,2017
NA,CNB,NA,NA,NA,NA,NA,NA,NA,NA,NA,NA,NA,NA,NA,NA,NA,NA,NA,NA,NA,NA,44.72944,-96.26611,NA,NA,NA,NA,NA,NA,NA,NA,NA,2006 2007 2008 2009 2010 2011 2012 2013 2014 2015 2016 2017,2006,2017
NA,CFE,NA,NA,NA,NA,NA,NA,NA,NA,NA,NA,NA,NA,NA,NA,NA,NA,NA,NA,NA,NA,45.15917,-93.84333,NA,NA,NA,NA,NA,NA,NA,NA,NA,2004 2005 2006 2007 2008 2009 2010 2011 2012 2013 2014 2015 2016 2017,2004,2017
NA,AQP,NA,NA,NA,NA,NA,NA,NA,NA,NA,NA,NA,NA,NA,NA,NA,NA,NA,NA,NA,NA,45.2275,-96.00722,NA,NA,NA,NA,NA,NA,NA,NA,NA,1999 2000 2003 2006 2007 2008 2009 2010 2011 2012 2013 2014 2015 2016 2017,1999,2017
